{"cameraMode":{"drawMode":0,"name":"Shaded","section":"Shading Mode"},"sceneLighting":true,"audioPlay":false,"sceneViewState":{"showFog":true,"showMaterialUpdate":false,"showSkybox":true,"showFlares":true,"showImageEffects":true,"showParticleSystems":true},"in2DMode":false,"pivot":{"x":1.231624722480774,"y":0.20000000298023225,"z":3.1901357173919679},"rotation":{"x":0.16555966436862946,"y":0.15024571120738984,"z":-0.02552877925336361,"w":0.9743552803993225},"size":8.073516845703125,"orthographic":true}